"Function: oGTa, Term: 15.16"
Index,Entity,status2,Function,Term,Year,EY Year,FEB,MAR,APR,MAY,JUN,JUL,AUG,SEP,OCT,NOV,DEC,JAN,Total
Open,NIBM,nan,oGTa,15.16,2015,NIBM - 2015,nan,nan,nan,nan,nan,nan,nan,nan,nan,nan,nan,0.0,0.0
Applied,NIBM,nan,oGTa,15.16,2015,NIBM - 2015,nan,nan,nan,nan,nan,nan,nan,nan,nan,nan,nan,0.0,0.0
Accepted,NIBM,nan,oGTa,15.16,2015,NIBM - 2015,nan,nan,nan,nan,nan,nan,nan,nan,nan,nan,nan,0.0,0.0
Approved,NIBM,nan,oGTa,15.16,2015,NIBM - 2015,nan,nan,nan,nan,nan,nan,nan,nan,nan,nan,nan,0.0,0.0
Realized,NIBM,nan,oGTa,15.16,2015,NIBM - 2015,nan,nan,nan,nan,nan,nan,nan,nan,nan,nan,nan,0.0,0.0
Finished,NIBM,nan,oGTa,15.16,2015,NIBM - 2015,nan,nan,nan,nan,nan,nan,nan,nan,nan,nan,nan,0.0,0.0
Completed,NIBM,nan,oGTa,15.16,2015,NIBM - 2015,nan,nan,nan,nan,nan,nan,nan,nan,nan,nan,nan,0.0,0.0

"Function: oGTa, Term: 16.17"
Index,Entity,status2,Function,Term,Year,EY Year,FEB,MAR,APR,MAY,JUN,JUL,AUG,SEP,OCT,NOV,DEC,JAN,Total
Open,NIBM,nan,oGTa,16.17,2016,NIBM - 2016,0.0,0.0,0.0,0.0,0.0,0.0,0.0,0.0,0.0,0.0,0.0,0.0,0.0
Applied,NIBM,nan,oGTa,16.17,2016,NIBM - 2016,0.0,0.0,0.0,0.0,0.0,0.0,0.0,0.0,0.0,0.0,0.0,0.0,0.0
Accepted,NIBM,nan,oGTa,16.17,2016,NIBM - 2016,0.0,0.0,0.0,0.0,0.0,0.0,0.0,0.0,0.0,0.0,0.0,0.0,0.0
Approved,NIBM,nan,oGTa,16.17,2016,NIBM - 2016,0.0,0.0,0.0,0.0,0.0,0.0,0.0,0.0,0.0,0.0,0.0,0.0,0.0
Realized,NIBM,nan,oGTa,16.17,2016,NIBM - 2016,0.0,0.0,0.0,0.0,0.0,0.0,0.0,0.0,0.0,0.0,0.0,0.0,0.0
Finished,NIBM,nan,oGTa,16.17,2016,NIBM - 2016,0.0,0.0,0.0,0.0,0.0,0.0,0.0,0.0,0.0,0.0,0.0,0.0,0.0
Completed,NIBM,nan,oGTa,16.17,2016,NIBM - 2016,0.0,0.0,0.0,0.0,0.0,0.0,0.0,0.0,0.0,0.0,0.0,0.0,0.0

"Function: oGTa, Term: 17.18"
Index,Entity,status2,Function,Term,Year,EY Year,FEB,MAR,APR,MAY,JUN,JUL,AUG,SEP,OCT,NOV,DEC,JAN,Total
Open,NIBM,nan,oGTa,17.18,2017,NIBM - 2017,0.0,0.0,0.0,0.0,0.0,0.0,0.0,0.0,0.0,0.0,0.0,0.0,0.0
Applied,NIBM,nan,oGTa,17.18,2017,NIBM - 2017,0.0,0.0,0.0,0.0,0.0,0.0,0.0,0.0,0.0,0.0,0.0,0.0,0.0
Accepted,NIBM,nan,oGTa,17.18,2017,NIBM - 2017,0.0,0.0,0.0,0.0,0.0,0.0,0.0,0.0,0.0,0.0,0.0,0.0,0.0
Approved,NIBM,nan,oGTa,17.18,2017,NIBM - 2017,0.0,0.0,0.0,0.0,0.0,0.0,0.0,0.0,0.0,0.0,0.0,0.0,0.0
Realized,NIBM,nan,oGTa,17.18,2017,NIBM - 2017,0.0,0.0,0.0,0.0,0.0,0.0,0.0,0.0,0.0,0.0,0.0,0.0,0.0
Finished,NIBM,nan,oGTa,17.18,2017,NIBM - 2017,0.0,0.0,0.0,0.0,0.0,0.0,0.0,0.0,0.0,0.0,0.0,0.0,0.0
Completed,NIBM,nan,oGTa,17.18,2017,NIBM - 2017,0.0,0.0,0.0,0.0,0.0,0.0,0.0,0.0,0.0,0.0,0.0,0.0,0.0

"Function: oGTa, Term: 18.19"
Index,Entity,status2,Function,Term,Year,EY Year,FEB,MAR,APR,MAY,JUN,JUL,AUG,SEP,OCT,NOV,DEC,JAN,Total
Open,NIBM,nan,oGTa,18.19,2018,NIBM - 2018,0.0,0.0,0.0,0.0,0.0,0.0,0.0,0.0,0.0,0.0,0.0,0.0,0.0
Applied,NIBM,nan,oGTa,18.19,2018,NIBM - 2018,0.0,0.0,0.0,0.0,0.0,0.0,0.0,0.0,0.0,0.0,0.0,0.0,0.0
Accepted,NIBM,nan,oGTa,18.19,2018,NIBM - 2018,0.0,0.0,0.0,0.0,0.0,0.0,0.0,0.0,0.0,0.0,0.0,0.0,0.0
Approved,NIBM,nan,oGTa,18.19,2018,NIBM - 2018,0.0,0.0,0.0,0.0,0.0,0.0,0.0,0.0,0.0,0.0,0.0,0.0,0.0
Realized,NIBM,nan,oGTa,18.19,2018,NIBM - 2018,0.0,0.0,0.0,0.0,0.0,0.0,0.0,0.0,0.0,0.0,0.0,0.0,0.0
Finished,NIBM,nan,oGTa,18.19,2018,NIBM - 2018,0.0,0.0,0.0,0.0,0.0,0.0,0.0,0.0,0.0,0.0,0.0,0.0,0.0
Completed,NIBM,nan,oGTa,18.19,2018,NIBM - 2018,0.0,0.0,0.0,0.0,0.0,0.0,0.0,0.0,0.0,0.0,0.0,0.0,0.0

"Function: oGTa, Term: 19.20"
Index,Entity,status2,Function,Term,Year,EY Year,FEB,MAR,APR,MAY,JUN,JUL,AUG,SEP,OCT,NOV,DEC,JAN,Total
Open,NIBM,nan,oGTa,19.20,2019,NIBM - 2019,0.0,0.0,0.0,0.0,0.0,0.0,0.0,0.0,0.0,0.0,0.0,nan,0.0
Applied,NIBM,nan,oGTa,19.20,2019,NIBM - 2019,0.0,0.0,0.0,0.0,0.0,0.0,0.0,0.0,0.0,0.0,0.0,nan,0.0
Accepted,NIBM,nan,oGTa,19.20,2019,NIBM - 2019,0.0,0.0,0.0,0.0,0.0,0.0,0.0,0.0,0.0,0.0,0.0,nan,0.0
Approved,NIBM,nan,oGTa,19.20,2019,NIBM - 2019,0.0,0.0,0.0,0.0,0.0,0.0,0.0,0.0,0.0,0.0,0.0,nan,0.0
Realized,NIBM,nan,oGTa,19.20,2019,NIBM - 2019,0.0,0.0,0.0,0.0,0.0,0.0,0.0,0.0,0.0,0.0,0.0,nan,0.0
Finished,NIBM,nan,oGTa,19.20,2019,NIBM - 2019,0.0,0.0,0.0,0.0,0.0,0.0,0.0,0.0,0.0,0.0,0.0,nan,0.0
Completed,NIBM,nan,oGTa,19.20,2019,NIBM - 2019,0.0,0.0,0.0,0.0,0.0,0.0,0.0,0.0,0.0,0.0,0.0,nan,0.0

"Function: oGTa, Term: 21.22"
Index,Entity,status2,Function,Term,Year,EY Year,FEB,MAR,APR,MAY,JUN,JUL,AUG,SEP,OCT,NOV,DEC,JAN,Total
Open,NIBM,nan,oGTa,21.22,2021,NIBM - 2021,nan,nan,nan,nan,nan,nan,nan,nan,nan,nan,nan,0.0,0.0
Applied,NIBM,nan,oGTa,21.22,2021,NIBM - 2021,nan,nan,nan,nan,nan,nan,nan,nan,nan,nan,nan,0.0,0.0
Accepted,NIBM,nan,oGTa,21.22,2021,NIBM - 2021,nan,nan,nan,nan,nan,nan,nan,nan,nan,nan,nan,0.0,0.0
Approved,NIBM,nan,oGTa,21.22,2021,NIBM - 2021,nan,nan,nan,nan,nan,nan,nan,nan,nan,nan,nan,0.0,0.0
Realized,NIBM,nan,oGTa,21.22,2021,NIBM - 2021,nan,nan,nan,nan,nan,nan,nan,nan,nan,nan,nan,0.0,0.0
Finished,NIBM,nan,oGTa,21.22,2021,NIBM - 2021,nan,nan,nan,nan,nan,nan,nan,nan,nan,nan,nan,0.0,0.0
Completed,NIBM,nan,oGTa,21.22,2021,NIBM - 2021,nan,nan,nan,nan,nan,nan,nan,nan,nan,nan,nan,0.0,0.0

"Function: oGTa, Term: 22.23"
Index,Entity,status2,Function,Term,Year,EY Year,FEB,MAR,APR,MAY,JUN,JUL,AUG,SEP,OCT,NOV,DEC,JAN,Total
Open,NIBM,nan,oGTa,22.23,2022,NIBM - 2022,0.0,0.0,0.0,0.0,0.0,0.0,1.0,0.0,0.0,0.0,0.0,0.0,1.0
Applied,NIBM,nan,oGTa,22.23,2022,NIBM - 2022,0.0,0.0,0.0,0.0,0.0,0.0,1.0,0.0,0.0,0.0,0.0,0.0,1.0
Accepted,NIBM,nan,oGTa,22.23,2022,NIBM - 2022,0.0,0.0,0.0,0.0,0.0,0.0,0.0,0.0,0.0,0.0,0.0,0.0,0.0
Approved,NIBM,nan,oGTa,22.23,2022,NIBM - 2022,0.0,0.0,0.0,0.0,0.0,0.0,0.0,0.0,0.0,0.0,0.0,0.0,0.0
Realized,NIBM,nan,oGTa,22.23,2022,NIBM - 2022,0.0,0.0,0.0,0.0,0.0,0.0,0.0,0.0,0.0,0.0,0.0,0.0,0.0
Finished,NIBM,nan,oGTa,22.23,2022,NIBM - 2022,0.0,0.0,0.0,0.0,0.0,0.0,0.0,0.0,0.0,0.0,0.0,0.0,0.0
Completed,NIBM,nan,oGTa,22.23,2022,NIBM - 2022,0.0,0.0,0.0,0.0,0.0,0.0,0.0,0.0,0.0,0.0,0.0,0.0,0.0

"Function: oGTa, Term: 23.24"
Index,Entity,status2,Function,Term,Year,EY Year,FEB,MAR,APR,MAY,JUN,JUL,AUG,SEP,OCT,NOV,DEC,JAN,Total
Open,NIBM,nan,oGTa,23.24,2023,NIBM - 2023,0.0,2.0,1.0,3.0,0.0,0.0,0.0,0.0,2.0,1.0,0.0,2.0,11.0
Applied,NIBM,nan,oGTa,23.24,2023,NIBM - 2023,1.0,1.0,1.0,1.0,2.0,2.0,0.0,0.0,1.0,1.0,0.0,1.0,11.0
Accepted,NIBM,nan,oGTa,23.24,2023,NIBM - 2023,0.0,0.0,0.0,0.0,0.0,0.0,0.0,0.0,0.0,0.0,0.0,0.0,0.0
Approved,NIBM,nan,oGTa,23.24,2023,NIBM - 2023,0.0,0.0,0.0,0.0,0.0,0.0,0.0,0.0,0.0,0.0,0.0,0.0,0.0
Realized,NIBM,nan,oGTa,23.24,2023,NIBM - 2023,0.0,0.0,0.0,0.0,0.0,0.0,0.0,0.0,0.0,0.0,0.0,0.0,0.0
Finished,NIBM,nan,oGTa,23.24,2023,NIBM - 2023,0.0,0.0,0.0,0.0,0.0,0.0,0.0,0.0,0.0,0.0,0.0,0.0,0.0
Completed,NIBM,nan,oGTa,23.24,2023,NIBM - 2023,0.0,0.0,0.0,0.0,0.0,0.0,0.0,0.0,0.0,0.0,0.0,0.0,0.0

"Function: oGTa, Term: 24.25"
Index,Entity,status2,Function,Term,Year,EY Year,FEB,MAR,APR,MAY,JUN,JUL,AUG,SEP,OCT,NOV,DEC,JAN,Total
Open,NIBM,nan,oGTa,24.25,2024,NIBM - 2024,0.0,0.0,1.0,0.0,0.0,0.0,0.0,0.0,0.0,0.0,0.0,nan,1.0
Applied,NIBM,nan,oGTa,24.25,2024,NIBM - 2024,0.0,1.0,2.0,1.0,0.0,0.0,0.0,0.0,0.0,0.0,0.0,nan,4.0
Accepted,NIBM,nan,oGTa,24.25,2024,NIBM - 2024,0.0,0.0,0.0,0.0,0.0,0.0,0.0,0.0,0.0,0.0,0.0,nan,0.0
Approved,NIBM,nan,oGTa,24.25,2024,NIBM - 2024,0.0,0.0,0.0,0.0,0.0,0.0,0.0,0.0,0.0,0.0,0.0,nan,0.0
Realized,NIBM,nan,oGTa,24.25,2024,NIBM - 2024,0.0,0.0,0.0,0.0,0.0,0.0,0.0,0.0,0.0,0.0,0.0,nan,0.0
Finished,NIBM,nan,oGTa,24.25,2024,NIBM - 2024,0.0,0.0,0.0,0.0,0.0,0.0,0.0,0.0,0.0,0.0,0.0,nan,0.0
Completed,NIBM,nan,oGTa,24.25,2024,NIBM - 2024,0.0,0.0,0.0,0.0,0.0,0.0,0.0,0.0,0.0,0.0,0.0,nan,0.0

"Function: iGTa, Term: 15.16"
Index,Entity,status2,Function,Term,Year,EY Year,FEB,MAR,APR,MAY,JUN,JUL,AUG,SEP,OCT,NOV,DEC,JAN,Total
Open,NIBM,nan,iGTa,15.16,2015,NIBM - 2015,nan,nan,nan,nan,nan,nan,nan,nan,nan,nan,nan,0.0,0.0
Applied,NIBM,nan,iGTa,15.16,2015,NIBM - 2015,nan,nan,nan,nan,nan,nan,nan,nan,nan,nan,nan,0.0,0.0
Accepted,NIBM,nan,iGTa,15.16,2015,NIBM - 2015,nan,nan,nan,nan,nan,nan,nan,nan,nan,nan,nan,0.0,0.0
Approved,NIBM,nan,iGTa,15.16,2015,NIBM - 2015,nan,nan,nan,nan,nan,nan,nan,nan,nan,nan,nan,0.0,0.0
Realized,NIBM,nan,iGTa,15.16,2015,NIBM - 2015,nan,nan,nan,nan,nan,nan,nan,nan,nan,nan,nan,0.0,0.0
Finished,NIBM,nan,iGTa,15.16,2015,NIBM - 2015,nan,nan,nan,nan,nan,nan,nan,nan,nan,nan,nan,0.0,0.0
Completed,NIBM,nan,iGTa,15.16,2015,NIBM - 2015,nan,nan,nan,nan,nan,nan,nan,nan,nan,nan,nan,0.0,0.0

"Function: iGTa, Term: 16.17"
Index,Entity,status2,Function,Term,Year,EY Year,FEB,MAR,APR,MAY,JUN,JUL,AUG,SEP,OCT,NOV,DEC,JAN,Total
Open,NIBM,nan,iGTa,16.17,2016,NIBM - 2016,0.0,0.0,0.0,0.0,0.0,0.0,0.0,0.0,0.0,0.0,0.0,0.0,0.0
Applied,NIBM,nan,iGTa,16.17,2016,NIBM - 2016,0.0,0.0,0.0,0.0,0.0,0.0,0.0,0.0,0.0,0.0,0.0,0.0,0.0
Accepted,NIBM,nan,iGTa,16.17,2016,NIBM - 2016,0.0,0.0,0.0,0.0,0.0,0.0,0.0,0.0,0.0,0.0,0.0,0.0,0.0
Approved,NIBM,nan,iGTa,16.17,2016,NIBM - 2016,0.0,0.0,0.0,0.0,0.0,0.0,0.0,0.0,0.0,0.0,0.0,0.0,0.0
Realized,NIBM,nan,iGTa,16.17,2016,NIBM - 2016,0.0,0.0,0.0,0.0,0.0,0.0,0.0,0.0,0.0,0.0,0.0,0.0,0.0
Finished,NIBM,nan,iGTa,16.17,2016,NIBM - 2016,0.0,0.0,0.0,0.0,0.0,0.0,0.0,0.0,0.0,0.0,0.0,0.0,0.0
Completed,NIBM,nan,iGTa,16.17,2016,NIBM - 2016,0.0,0.0,0.0,0.0,0.0,0.0,0.0,0.0,0.0,0.0,0.0,0.0,0.0

"Function: iGTa, Term: 17.18"
Index,Entity,status2,Function,Term,Year,EY Year,FEB,MAR,APR,MAY,JUN,JUL,AUG,SEP,OCT,NOV,DEC,JAN,Total
Open,NIBM,nan,iGTa,17.18,2017,NIBM - 2017,0.0,0.0,0.0,0.0,0.0,0.0,0.0,0.0,0.0,0.0,0.0,0.0,0.0
Applied,NIBM,nan,iGTa,17.18,2017,NIBM - 2017,0.0,0.0,0.0,0.0,0.0,0.0,0.0,0.0,0.0,0.0,0.0,0.0,0.0
Accepted,NIBM,nan,iGTa,17.18,2017,NIBM - 2017,0.0,0.0,0.0,0.0,0.0,0.0,0.0,0.0,0.0,0.0,0.0,0.0,0.0
Approved,NIBM,nan,iGTa,17.18,2017,NIBM - 2017,0.0,0.0,0.0,0.0,0.0,0.0,0.0,0.0,0.0,0.0,0.0,0.0,0.0
Realized,NIBM,nan,iGTa,17.18,2017,NIBM - 2017,0.0,0.0,0.0,0.0,0.0,0.0,0.0,0.0,0.0,0.0,0.0,0.0,0.0
Finished,NIBM,nan,iGTa,17.18,2017,NIBM - 2017,0.0,0.0,0.0,0.0,0.0,0.0,0.0,0.0,0.0,0.0,0.0,0.0,0.0
Completed,NIBM,nan,iGTa,17.18,2017,NIBM - 2017,0.0,0.0,0.0,0.0,0.0,0.0,0.0,0.0,0.0,0.0,0.0,0.0,0.0

"Function: iGTa, Term: 18.19"
Index,Entity,status2,Function,Term,Year,EY Year,FEB,MAR,APR,MAY,JUN,JUL,AUG,SEP,OCT,NOV,DEC,JAN,Total
Open,NIBM,nan,iGTa,18.19,2018,NIBM - 2018,0.0,0.0,0.0,0.0,0.0,0.0,0.0,0.0,0.0,0.0,0.0,0.0,0.0
Applied,NIBM,nan,iGTa,18.19,2018,NIBM - 2018,0.0,0.0,0.0,0.0,0.0,0.0,0.0,0.0,0.0,0.0,0.0,0.0,0.0
Accepted,NIBM,nan,iGTa,18.19,2018,NIBM - 2018,0.0,0.0,0.0,0.0,0.0,0.0,0.0,0.0,0.0,0.0,0.0,0.0,0.0
Approved,NIBM,nan,iGTa,18.19,2018,NIBM - 2018,0.0,0.0,0.0,0.0,0.0,0.0,0.0,0.0,0.0,0.0,0.0,0.0,0.0
Realized,NIBM,nan,iGTa,18.19,2018,NIBM - 2018,0.0,0.0,0.0,0.0,0.0,0.0,0.0,0.0,0.0,0.0,0.0,0.0,0.0
Finished,NIBM,nan,iGTa,18.19,2018,NIBM - 2018,0.0,0.0,0.0,0.0,0.0,0.0,0.0,0.0,0.0,0.0,0.0,0.0,0.0
Completed,NIBM,nan,iGTa,18.19,2018,NIBM - 2018,0.0,0.0,0.0,0.0,0.0,0.0,0.0,0.0,0.0,0.0,0.0,0.0,0.0

"Function: iGTa, Term: 19.20"
Index,Entity,status2,Function,Term,Year,EY Year,FEB,MAR,APR,MAY,JUN,JUL,AUG,SEP,OCT,NOV,DEC,JAN,Total
Open,NIBM,nan,iGTa,19.20,2019,NIBM - 2019,0.0,0.0,0.0,0.0,0.0,0.0,0.0,0.0,0.0,0.0,0.0,nan,0.0
Applied,NIBM,nan,iGTa,19.20,2019,NIBM - 2019,0.0,0.0,0.0,0.0,0.0,0.0,0.0,0.0,0.0,0.0,0.0,nan,0.0
Accepted,NIBM,nan,iGTa,19.20,2019,NIBM - 2019,0.0,0.0,0.0,0.0,0.0,0.0,0.0,0.0,0.0,0.0,0.0,nan,0.0
Approved,NIBM,nan,iGTa,19.20,2019,NIBM - 2019,0.0,0.0,0.0,0.0,0.0,0.0,0.0,0.0,0.0,0.0,0.0,nan,0.0
Realized,NIBM,nan,iGTa,19.20,2019,NIBM - 2019,0.0,0.0,0.0,0.0,0.0,0.0,0.0,0.0,0.0,0.0,0.0,nan,0.0
Finished,NIBM,nan,iGTa,19.20,2019,NIBM - 2019,0.0,0.0,0.0,0.0,0.0,0.0,0.0,0.0,0.0,0.0,0.0,nan,0.0
Completed,NIBM,nan,iGTa,19.20,2019,NIBM - 2019,0.0,0.0,0.0,0.0,0.0,0.0,0.0,0.0,0.0,0.0,0.0,nan,0.0

"Function: iGTa, Term: 21.22"
Index,Entity,status2,Function,Term,Year,EY Year,FEB,MAR,APR,MAY,JUN,JUL,AUG,SEP,OCT,NOV,DEC,JAN,Total
Open,NIBM,nan,iGTa,21.22,2021,NIBM - 2021,nan,nan,nan,nan,nan,nan,nan,nan,nan,nan,nan,0.0,0.0
Applied,NIBM,nan,iGTa,21.22,2021,NIBM - 2021,nan,nan,nan,nan,nan,nan,nan,nan,nan,nan,nan,0.0,0.0
Accepted,NIBM,nan,iGTa,21.22,2021,NIBM - 2021,nan,nan,nan,nan,nan,nan,nan,nan,nan,nan,nan,0.0,0.0
Approved,NIBM,nan,iGTa,21.22,2021,NIBM - 2021,nan,nan,nan,nan,nan,nan,nan,nan,nan,nan,nan,0.0,0.0
Realized,NIBM,nan,iGTa,21.22,2021,NIBM - 2021,nan,nan,nan,nan,nan,nan,nan,nan,nan,nan,nan,0.0,0.0
Finished,NIBM,nan,iGTa,21.22,2021,NIBM - 2021,nan,nan,nan,nan,nan,nan,nan,nan,nan,nan,nan,0.0,0.0
Completed,NIBM,nan,iGTa,21.22,2021,NIBM - 2021,nan,nan,nan,nan,nan,nan,nan,nan,nan,nan,nan,0.0,0.0

"Function: iGTa, Term: 22.23"
Index,Entity,status2,Function,Term,Year,EY Year,FEB,MAR,APR,MAY,JUN,JUL,AUG,SEP,OCT,NOV,DEC,JAN,Total
Open,NIBM,nan,iGTa,22.23,2022,NIBM - 2022,0.0,0.0,0.0,0.0,0.0,0.0,0.0,0.0,0.0,0.0,0.0,0.0,0.0
Applied,NIBM,nan,iGTa,22.23,2022,NIBM - 2022,0.0,0.0,0.0,0.0,0.0,0.0,0.0,0.0,0.0,0.0,0.0,0.0,0.0
Accepted,NIBM,nan,iGTa,22.23,2022,NIBM - 2022,0.0,0.0,0.0,0.0,0.0,0.0,0.0,0.0,0.0,0.0,0.0,0.0,0.0
Approved,NIBM,nan,iGTa,22.23,2022,NIBM - 2022,0.0,0.0,0.0,0.0,0.0,0.0,0.0,0.0,0.0,0.0,0.0,0.0,0.0
Realized,NIBM,nan,iGTa,22.23,2022,NIBM - 2022,0.0,0.0,0.0,0.0,0.0,0.0,0.0,0.0,0.0,0.0,0.0,0.0,0.0
Finished,NIBM,nan,iGTa,22.23,2022,NIBM - 2022,0.0,0.0,0.0,0.0,0.0,0.0,0.0,0.0,0.0,0.0,0.0,0.0,0.0
Completed,NIBM,nan,iGTa,22.23,2022,NIBM - 2022,0.0,0.0,0.0,0.0,0.0,0.0,0.0,0.0,0.0,0.0,0.0,0.0,0.0

"Function: iGTa, Term: 23.24"
Index,Entity,status2,Function,Term,Year,EY Year,FEB,MAR,APR,MAY,JUN,JUL,AUG,SEP,OCT,NOV,DEC,JAN,Total
Open,NIBM,nan,iGTa,23.24,2023,NIBM - 2023,0.0,0.0,0.0,0.0,0.0,0.0,0.0,0.0,0.0,0.0,0.0,0.0,0.0
Applied,NIBM,nan,iGTa,23.24,2023,NIBM - 2023,0.0,0.0,0.0,0.0,0.0,0.0,0.0,0.0,0.0,0.0,0.0,0.0,0.0
Accepted,NIBM,nan,iGTa,23.24,2023,NIBM - 2023,0.0,0.0,0.0,0.0,0.0,0.0,0.0,0.0,0.0,0.0,0.0,0.0,0.0
Approved,NIBM,nan,iGTa,23.24,2023,NIBM - 2023,0.0,0.0,0.0,0.0,0.0,0.0,0.0,0.0,0.0,0.0,0.0,0.0,0.0
Realized,NIBM,nan,iGTa,23.24,2023,NIBM - 2023,0.0,0.0,0.0,0.0,0.0,0.0,0.0,0.0,0.0,0.0,0.0,0.0,0.0
Finished,NIBM,nan,iGTa,23.24,2023,NIBM - 2023,0.0,0.0,0.0,0.0,0.0,0.0,0.0,0.0,0.0,0.0,0.0,0.0,0.0
Completed,NIBM,nan,iGTa,23.24,2023,NIBM - 2023,0.0,0.0,0.0,0.0,0.0,0.0,0.0,0.0,0.0,0.0,0.0,0.0,0.0

"Function: iGTa, Term: 24.25"
Index,Entity,status2,Function,Term,Year,EY Year,FEB,MAR,APR,MAY,JUN,JUL,AUG,SEP,OCT,NOV,DEC,JAN,Total
Open,NIBM,nan,iGTa,24.25,2024,NIBM - 2024,0.0,0.0,0.0,0.0,0.0,0.0,0.0,0.0,0.0,0.0,0.0,nan,0.0
Applied,NIBM,nan,iGTa,24.25,2024,NIBM - 2024,0.0,0.0,0.0,0.0,0.0,0.0,0.0,0.0,0.0,0.0,0.0,nan,0.0
Accepted,NIBM,nan,iGTa,24.25,2024,NIBM - 2024,0.0,0.0,0.0,0.0,0.0,0.0,0.0,0.0,0.0,0.0,0.0,nan,0.0
Approved,NIBM,nan,iGTa,24.25,2024,NIBM - 2024,0.0,0.0,0.0,0.0,0.0,0.0,0.0,0.0,0.0,0.0,0.0,nan,0.0
Realized,NIBM,nan,iGTa,24.25,2024,NIBM - 2024,0.0,0.0,0.0,0.0,0.0,0.0,0.0,0.0,0.0,0.0,0.0,nan,0.0
Finished,NIBM,nan,iGTa,24.25,2024,NIBM - 2024,0.0,0.0,0.0,0.0,0.0,0.0,0.0,0.0,0.0,0.0,0.0,nan,0.0
Completed,NIBM,nan,iGTa,24.25,2024,NIBM - 2024,0.0,0.0,0.0,0.0,0.0,0.0,0.0,0.0,0.0,0.0,0.0,nan,0.0

"Function: iGV, Term: 15.16"
Index,Entity,status2,Function,Term,Year,EY Year,FEB,MAR,APR,MAY,JUN,JUL,AUG,SEP,OCT,NOV,DEC,JAN,Total
Open,NIBM,nan,iGV,15.16,2015,NIBM - 2015,nan,nan,nan,nan,nan,nan,nan,nan,nan,nan,nan,0.0,0.0
Applied,NIBM,nan,iGV,15.16,2015,NIBM - 2015,nan,nan,nan,nan,nan,nan,nan,nan,nan,nan,nan,0.0,0.0
Accepted,NIBM,nan,iGV,15.16,2015,NIBM - 2015,nan,nan,nan,nan,nan,nan,nan,nan,nan,nan,nan,0.0,0.0
Approved,NIBM,nan,iGV,15.16,2015,NIBM - 2015,nan,nan,nan,nan,nan,nan,nan,nan,nan,nan,nan,0.0,0.0
Realized,NIBM,nan,iGV,15.16,2015,NIBM - 2015,nan,nan,nan,nan,nan,nan,nan,nan,nan,nan,nan,0.0,0.0
Finished,NIBM,nan,iGV,15.16,2015,NIBM - 2015,nan,nan,nan,nan,nan,nan,nan,nan,nan,nan,nan,0.0,0.0
Completed,NIBM,nan,iGV,15.16,2015,NIBM - 2015,nan,nan,nan,nan,nan,nan,nan,nan,nan,nan,nan,0.0,0.0

"Function: iGV, Term: 16.17"
Index,Entity,status2,Function,Term,Year,EY Year,FEB,MAR,APR,MAY,JUN,JUL,AUG,SEP,OCT,NOV,DEC,JAN,Total
Open,NIBM,nan,iGV,16.17,2016,NIBM - 2016,0.0,0.0,0.0,0.0,0.0,0.0,0.0,0.0,0.0,0.0,0.0,0.0,0.0
Applied,NIBM,nan,iGV,16.17,2016,NIBM - 2016,0.0,0.0,0.0,0.0,0.0,0.0,0.0,0.0,0.0,0.0,0.0,0.0,0.0
Accepted,NIBM,nan,iGV,16.17,2016,NIBM - 2016,0.0,0.0,0.0,0.0,0.0,0.0,0.0,0.0,0.0,0.0,0.0,0.0,0.0
Approved,NIBM,nan,iGV,16.17,2016,NIBM - 2016,0.0,0.0,0.0,0.0,0.0,0.0,0.0,0.0,0.0,0.0,0.0,0.0,0.0
Realized,NIBM,nan,iGV,16.17,2016,NIBM - 2016,0.0,0.0,0.0,0.0,0.0,0.0,0.0,0.0,0.0,0.0,0.0,0.0,0.0
Finished,NIBM,nan,iGV,16.17,2016,NIBM - 2016,0.0,0.0,0.0,0.0,0.0,0.0,0.0,0.0,0.0,0.0,0.0,0.0,0.0
Completed,NIBM,nan,iGV,16.17,2016,NIBM - 2016,0.0,0.0,0.0,0.0,0.0,0.0,0.0,0.0,0.0,0.0,0.0,0.0,0.0

"Function: iGV, Term: 17.18"
Index,Entity,status2,Function,Term,Year,EY Year,FEB,MAR,APR,MAY,JUN,JUL,AUG,SEP,OCT,NOV,DEC,JAN,Total
Open,NIBM,nan,iGV,17.18,2017,NIBM - 2017,0.0,0.0,0.0,0.0,0.0,0.0,0.0,0.0,0.0,0.0,0.0,0.0,0.0
Applied,NIBM,nan,iGV,17.18,2017,NIBM - 2017,0.0,0.0,0.0,0.0,0.0,0.0,0.0,0.0,0.0,0.0,0.0,0.0,0.0
Accepted,NIBM,nan,iGV,17.18,2017,NIBM - 2017,0.0,0.0,0.0,0.0,0.0,0.0,0.0,0.0,0.0,0.0,0.0,0.0,0.0
Approved,NIBM,nan,iGV,17.18,2017,NIBM - 2017,0.0,0.0,0.0,0.0,0.0,0.0,0.0,0.0,0.0,0.0,0.0,0.0,0.0
Realized,NIBM,nan,iGV,17.18,2017,NIBM - 2017,0.0,0.0,0.0,0.0,0.0,0.0,0.0,0.0,0.0,0.0,0.0,0.0,0.0
Finished,NIBM,nan,iGV,17.18,2017,NIBM - 2017,0.0,0.0,0.0,0.0,0.0,0.0,0.0,0.0,0.0,0.0,0.0,0.0,0.0
Completed,NIBM,nan,iGV,17.18,2017,NIBM - 2017,0.0,0.0,0.0,0.0,0.0,0.0,0.0,0.0,0.0,0.0,0.0,0.0,0.0

"Function: iGV, Term: 18.19"
Index,Entity,status2,Function,Term,Year,EY Year,FEB,MAR,APR,MAY,JUN,JUL,AUG,SEP,OCT,NOV,DEC,JAN,Total
Open,NIBM,nan,iGV,18.19,2018,NIBM - 2018,0.0,0.0,0.0,0.0,0.0,0.0,0.0,0.0,0.0,0.0,0.0,0.0,0.0
Applied,NIBM,nan,iGV,18.19,2018,NIBM - 2018,0.0,0.0,0.0,0.0,0.0,0.0,0.0,0.0,0.0,0.0,0.0,0.0,0.0
Accepted,NIBM,nan,iGV,18.19,2018,NIBM - 2018,0.0,0.0,0.0,0.0,0.0,0.0,0.0,0.0,0.0,0.0,0.0,0.0,0.0
Approved,NIBM,nan,iGV,18.19,2018,NIBM - 2018,0.0,0.0,0.0,0.0,0.0,0.0,0.0,0.0,0.0,0.0,0.0,0.0,0.0
Realized,NIBM,nan,iGV,18.19,2018,NIBM - 2018,0.0,0.0,0.0,0.0,0.0,0.0,0.0,0.0,0.0,0.0,0.0,0.0,0.0
Finished,NIBM,nan,iGV,18.19,2018,NIBM - 2018,0.0,0.0,0.0,0.0,0.0,0.0,0.0,0.0,0.0,0.0,0.0,0.0,0.0
Completed,NIBM,nan,iGV,18.19,2018,NIBM - 2018,0.0,0.0,0.0,0.0,0.0,0.0,0.0,0.0,0.0,0.0,0.0,0.0,0.0

"Function: iGV, Term: 19.20"
Index,Entity,status2,Function,Term,Year,EY Year,FEB,MAR,APR,MAY,JUN,JUL,AUG,SEP,OCT,NOV,DEC,JAN,Total
Open,NIBM,nan,iGV,19.20,2019,NIBM - 2019,0.0,0.0,0.0,0.0,0.0,0.0,0.0,0.0,0.0,0.0,0.0,nan,0.0
Applied,NIBM,nan,iGV,19.20,2019,NIBM - 2019,0.0,0.0,0.0,0.0,0.0,0.0,0.0,0.0,0.0,0.0,0.0,nan,0.0
Accepted,NIBM,nan,iGV,19.20,2019,NIBM - 2019,0.0,0.0,0.0,0.0,0.0,0.0,0.0,0.0,0.0,0.0,0.0,nan,0.0
Approved,NIBM,nan,iGV,19.20,2019,NIBM - 2019,0.0,0.0,0.0,0.0,0.0,0.0,0.0,0.0,0.0,0.0,0.0,nan,0.0
Realized,NIBM,nan,iGV,19.20,2019,NIBM - 2019,0.0,0.0,0.0,0.0,0.0,0.0,0.0,0.0,0.0,0.0,0.0,nan,0.0
Finished,NIBM,nan,iGV,19.20,2019,NIBM - 2019,0.0,0.0,0.0,0.0,0.0,0.0,0.0,0.0,0.0,0.0,0.0,nan,0.0
Completed,NIBM,nan,iGV,19.20,2019,NIBM - 2019,0.0,0.0,0.0,0.0,0.0,0.0,0.0,0.0,0.0,0.0,0.0,nan,0.0

"Function: iGV, Term: 21.22"
Index,Entity,status2,Function,Term,Year,EY Year,FEB,MAR,APR,MAY,JUN,JUL,AUG,SEP,OCT,NOV,DEC,JAN,Total
Open,NIBM,nan,iGV,21.22,2021,NIBM - 2021,nan,nan,nan,nan,nan,nan,nan,nan,nan,nan,nan,0.0,0.0
Applied,NIBM,nan,iGV,21.22,2021,NIBM - 2021,nan,nan,nan,nan,nan,nan,nan,nan,nan,nan,nan,0.0,0.0
Accepted,NIBM,nan,iGV,21.22,2021,NIBM - 2021,nan,nan,nan,nan,nan,nan,nan,nan,nan,nan,nan,0.0,0.0
Approved,NIBM,nan,iGV,21.22,2021,NIBM - 2021,nan,nan,nan,nan,nan,nan,nan,nan,nan,nan,nan,0.0,0.0
Realized,NIBM,nan,iGV,21.22,2021,NIBM - 2021,nan,nan,nan,nan,nan,nan,nan,nan,nan,nan,nan,0.0,0.0
Finished,NIBM,nan,iGV,21.22,2021,NIBM - 2021,nan,nan,nan,nan,nan,nan,nan,nan,nan,nan,nan,0.0,0.0
Completed,NIBM,nan,iGV,21.22,2021,NIBM - 2021,nan,nan,nan,nan,nan,nan,nan,nan,nan,nan,nan,0.0,0.0

"Function: iGV, Term: 22.23"
Index,Entity,status2,Function,Term,Year,EY Year,FEB,MAR,APR,MAY,JUN,JUL,AUG,SEP,OCT,NOV,DEC,JAN,Total
Open,NIBM,nan,iGV,22.23,2022,NIBM - 2022,0.0,0.0,0.0,0.0,0.0,0.0,0.0,0.0,0.0,0.0,0.0,0.0,0.0
Applied,NIBM,nan,iGV,22.23,2022,NIBM - 2022,0.0,0.0,0.0,0.0,0.0,0.0,0.0,0.0,0.0,0.0,0.0,0.0,0.0
Accepted,NIBM,nan,iGV,22.23,2022,NIBM - 2022,0.0,0.0,0.0,0.0,0.0,0.0,0.0,0.0,0.0,0.0,0.0,0.0,0.0
Approved,NIBM,nan,iGV,22.23,2022,NIBM - 2022,0.0,0.0,0.0,0.0,0.0,0.0,0.0,0.0,0.0,0.0,0.0,0.0,0.0
Realized,NIBM,nan,iGV,22.23,2022,NIBM - 2022,0.0,0.0,0.0,0.0,0.0,0.0,0.0,0.0,0.0,0.0,0.0,0.0,0.0
Finished,NIBM,nan,iGV,22.23,2022,NIBM - 2022,0.0,0.0,0.0,0.0,0.0,0.0,0.0,0.0,0.0,0.0,0.0,0.0,0.0
Completed,NIBM,nan,iGV,22.23,2022,NIBM - 2022,0.0,0.0,0.0,0.0,0.0,0.0,0.0,0.0,0.0,0.0,0.0,0.0,0.0

"Function: iGV, Term: 23.24"
Index,Entity,status2,Function,Term,Year,EY Year,FEB,MAR,APR,MAY,JUN,JUL,AUG,SEP,OCT,NOV,DEC,JAN,Total
Open,NIBM,nan,iGV,23.24,2023,NIBM - 2023,0.0,0.0,0.0,0.0,0.0,0.0,0.0,0.0,0.0,0.0,0.0,0.0,0.0
Applied,NIBM,nan,iGV,23.24,2023,NIBM - 2023,0.0,0.0,0.0,0.0,0.0,0.0,0.0,0.0,0.0,0.0,0.0,0.0,0.0
Accepted,NIBM,nan,iGV,23.24,2023,NIBM - 2023,0.0,0.0,0.0,0.0,0.0,0.0,0.0,0.0,0.0,0.0,0.0,0.0,0.0
Approved,NIBM,nan,iGV,23.24,2023,NIBM - 2023,0.0,0.0,0.0,0.0,0.0,0.0,0.0,0.0,0.0,0.0,0.0,0.0,0.0
Realized,NIBM,nan,iGV,23.24,2023,NIBM - 2023,0.0,0.0,0.0,0.0,0.0,0.0,0.0,0.0,0.0,0.0,0.0,0.0,0.0
Finished,NIBM,nan,iGV,23.24,2023,NIBM - 2023,0.0,0.0,0.0,0.0,0.0,0.0,0.0,0.0,0.0,0.0,0.0,0.0,0.0
Completed,NIBM,nan,iGV,23.24,2023,NIBM - 2023,0.0,0.0,0.0,0.0,0.0,0.0,0.0,0.0,0.0,0.0,0.0,0.0,0.0

"Function: iGV, Term: 24.25"
Index,Entity,status2,Function,Term,Year,EY Year,FEB,MAR,APR,MAY,JUN,JUL,AUG,SEP,OCT,NOV,DEC,JAN,Total
Open,NIBM,nan,iGV,24.25,2024,NIBM - 2024,0.0,0.0,0.0,0.0,0.0,0.0,0.0,0.0,0.0,0.0,0.0,nan,0.0
Applied,NIBM,nan,iGV,24.25,2024,NIBM - 2024,0.0,0.0,0.0,0.0,0.0,0.0,0.0,0.0,0.0,0.0,0.0,nan,0.0
Accepted,NIBM,nan,iGV,24.25,2024,NIBM - 2024,0.0,0.0,0.0,0.0,0.0,0.0,0.0,0.0,0.0,0.0,0.0,nan,0.0
Approved,NIBM,nan,iGV,24.25,2024,NIBM - 2024,0.0,0.0,0.0,0.0,0.0,0.0,0.0,0.0,0.0,0.0,0.0,nan,0.0
Realized,NIBM,nan,iGV,24.25,2024,NIBM - 2024,0.0,0.0,0.0,0.0,0.0,0.0,0.0,0.0,0.0,0.0,0.0,nan,0.0
Finished,NIBM,nan,iGV,24.25,2024,NIBM - 2024,0.0,0.0,0.0,0.0,0.0,0.0,0.0,0.0,0.0,0.0,0.0,nan,0.0
Completed,NIBM,nan,iGV,24.25,2024,NIBM - 2024,0.0,0.0,0.0,0.0,0.0,0.0,0.0,0.0,0.0,0.0,0.0,nan,0.0

"Function: oGV, Term: 15.16"
Index,Entity,status2,Function,Term,Year,EY Year,FEB,MAR,APR,MAY,JUN,JUL,AUG,SEP,OCT,NOV,DEC,JAN,Total
Open,NIBM,nan,oGV,15.16,2015,NIBM - 2015,nan,nan,nan,nan,nan,nan,nan,nan,nan,nan,nan,0.0,0.0
Applied,NIBM,nan,oGV,15.16,2015,NIBM - 2015,nan,nan,nan,nan,nan,nan,nan,nan,nan,nan,nan,0.0,0.0
Accepted,NIBM,nan,oGV,15.16,2015,NIBM - 2015,nan,nan,nan,nan,nan,nan,nan,nan,nan,nan,nan,0.0,0.0
Approved,NIBM,nan,oGV,15.16,2015,NIBM - 2015,nan,nan,nan,nan,nan,nan,nan,nan,nan,nan,nan,0.0,0.0
Realized,NIBM,nan,oGV,15.16,2015,NIBM - 2015,nan,nan,nan,nan,nan,nan,nan,nan,nan,nan,nan,0.0,0.0
Finished,NIBM,nan,oGV,15.16,2015,NIBM - 2015,nan,nan,nan,nan,nan,nan,nan,nan,nan,nan,nan,0.0,0.0
Completed,NIBM,nan,oGV,15.16,2015,NIBM - 2015,nan,nan,nan,nan,nan,nan,nan,nan,nan,nan,nan,0.0,0.0

"Function: oGV, Term: 16.17"
Index,Entity,status2,Function,Term,Year,EY Year,FEB,MAR,APR,MAY,JUN,JUL,AUG,SEP,OCT,NOV,DEC,JAN,Total
Open,NIBM,nan,oGV,16.17,2016,NIBM - 2016,0.0,0.0,0.0,0.0,0.0,0.0,0.0,0.0,0.0,0.0,0.0,0.0,0.0
Applied,NIBM,nan,oGV,16.17,2016,NIBM - 2016,0.0,0.0,0.0,0.0,0.0,0.0,0.0,0.0,0.0,0.0,0.0,0.0,0.0
Accepted,NIBM,nan,oGV,16.17,2016,NIBM - 2016,0.0,0.0,0.0,0.0,0.0,0.0,0.0,0.0,0.0,0.0,0.0,0.0,0.0
Approved,NIBM,nan,oGV,16.17,2016,NIBM - 2016,0.0,0.0,0.0,0.0,0.0,0.0,0.0,0.0,0.0,0.0,0.0,0.0,0.0
Realized,NIBM,nan,oGV,16.17,2016,NIBM - 2016,0.0,0.0,0.0,0.0,0.0,0.0,0.0,0.0,0.0,0.0,0.0,0.0,0.0
Finished,NIBM,nan,oGV,16.17,2016,NIBM - 2016,0.0,0.0,0.0,0.0,0.0,0.0,0.0,0.0,0.0,0.0,0.0,0.0,0.0
Completed,NIBM,nan,oGV,16.17,2016,NIBM - 2016,0.0,0.0,0.0,0.0,0.0,0.0,0.0,0.0,0.0,0.0,0.0,0.0,0.0

"Function: oGV, Term: 17.18"
Index,Entity,status2,Function,Term,Year,EY Year,FEB,MAR,APR,MAY,JUN,JUL,AUG,SEP,OCT,NOV,DEC,JAN,Total
Open,NIBM,nan,oGV,17.18,2017,NIBM - 2017,0.0,0.0,0.0,0.0,0.0,0.0,0.0,0.0,0.0,0.0,0.0,0.0,0.0
Applied,NIBM,nan,oGV,17.18,2017,NIBM - 2017,0.0,0.0,0.0,0.0,0.0,0.0,0.0,0.0,0.0,0.0,0.0,0.0,0.0
Accepted,NIBM,nan,oGV,17.18,2017,NIBM - 2017,0.0,0.0,0.0,0.0,0.0,0.0,0.0,0.0,0.0,0.0,0.0,0.0,0.0
Approved,NIBM,nan,oGV,17.18,2017,NIBM - 2017,0.0,0.0,0.0,0.0,0.0,0.0,0.0,0.0,0.0,0.0,0.0,0.0,0.0
Realized,NIBM,nan,oGV,17.18,2017,NIBM - 2017,0.0,0.0,0.0,0.0,0.0,0.0,0.0,0.0,0.0,0.0,0.0,0.0,0.0
Finished,NIBM,nan,oGV,17.18,2017,NIBM - 2017,0.0,0.0,0.0,0.0,0.0,0.0,0.0,0.0,0.0,0.0,0.0,0.0,0.0
Completed,NIBM,nan,oGV,17.18,2017,NIBM - 2017,0.0,0.0,0.0,0.0,0.0,0.0,0.0,0.0,0.0,0.0,0.0,0.0,0.0

"Function: oGV, Term: 18.19"
Index,Entity,status2,Function,Term,Year,EY Year,FEB,MAR,APR,MAY,JUN,JUL,AUG,SEP,OCT,NOV,DEC,JAN,Total
Open,NIBM,nan,oGV,18.19,2018,NIBM - 2018,0.0,0.0,0.0,0.0,0.0,0.0,0.0,0.0,0.0,0.0,0.0,0.0,0.0
Applied,NIBM,nan,oGV,18.19,2018,NIBM - 2018,0.0,0.0,0.0,0.0,0.0,0.0,0.0,0.0,0.0,0.0,0.0,0.0,0.0
Accepted,NIBM,nan,oGV,18.19,2018,NIBM - 2018,0.0,0.0,0.0,0.0,0.0,0.0,0.0,0.0,0.0,0.0,0.0,0.0,0.0
Approved,NIBM,nan,oGV,18.19,2018,NIBM - 2018,0.0,0.0,0.0,0.0,0.0,0.0,0.0,0.0,0.0,0.0,0.0,0.0,0.0
Realized,NIBM,nan,oGV,18.19,2018,NIBM - 2018,0.0,0.0,0.0,0.0,0.0,0.0,0.0,0.0,0.0,0.0,0.0,0.0,0.0
Finished,NIBM,nan,oGV,18.19,2018,NIBM - 2018,0.0,0.0,0.0,0.0,0.0,0.0,0.0,0.0,0.0,0.0,0.0,0.0,0.0
Completed,NIBM,nan,oGV,18.19,2018,NIBM - 2018,0.0,0.0,0.0,0.0,0.0,0.0,0.0,0.0,0.0,0.0,0.0,0.0,0.0

"Function: oGV, Term: 19.20"
Index,Entity,status2,Function,Term,Year,EY Year,FEB,MAR,APR,MAY,JUN,JUL,AUG,SEP,OCT,NOV,DEC,JAN,Total
Open,NIBM,nan,oGV,19.20,2019,NIBM - 2019,0.0,0.0,0.0,0.0,0.0,0.0,0.0,0.0,0.0,0.0,0.0,nan,0.0
Applied,NIBM,nan,oGV,19.20,2019,NIBM - 2019,0.0,0.0,0.0,0.0,0.0,0.0,0.0,0.0,0.0,0.0,0.0,nan,0.0
Accepted,NIBM,nan,oGV,19.20,2019,NIBM - 2019,0.0,0.0,0.0,0.0,0.0,0.0,0.0,0.0,0.0,0.0,0.0,nan,0.0
Approved,NIBM,nan,oGV,19.20,2019,NIBM - 2019,0.0,0.0,0.0,0.0,0.0,0.0,0.0,0.0,0.0,0.0,0.0,nan,0.0
Realized,NIBM,nan,oGV,19.20,2019,NIBM - 2019,0.0,0.0,0.0,0.0,0.0,0.0,0.0,0.0,0.0,0.0,0.0,nan,0.0
Finished,NIBM,nan,oGV,19.20,2019,NIBM - 2019,0.0,0.0,0.0,0.0,0.0,0.0,0.0,0.0,0.0,0.0,0.0,nan,0.0
Completed,NIBM,nan,oGV,19.20,2019,NIBM - 2019,0.0,0.0,0.0,0.0,0.0,0.0,0.0,0.0,0.0,0.0,0.0,nan,0.0

"Function: oGV, Term: 21.22"
Index,Entity,status2,Function,Term,Year,EY Year,FEB,MAR,APR,MAY,JUN,JUL,AUG,SEP,OCT,NOV,DEC,JAN,Total
Open,NIBM,nan,oGV,21.22,2021,NIBM - 2021,nan,nan,nan,nan,nan,nan,nan,nan,nan,nan,nan,0.0,0.0
Applied,NIBM,nan,oGV,21.22,2021,NIBM - 2021,nan,nan,nan,nan,nan,nan,nan,nan,nan,nan,nan,0.0,0.0
Accepted,NIBM,nan,oGV,21.22,2021,NIBM - 2021,nan,nan,nan,nan,nan,nan,nan,nan,nan,nan,nan,0.0,0.0
Approved,NIBM,nan,oGV,21.22,2021,NIBM - 2021,nan,nan,nan,nan,nan,nan,nan,nan,nan,nan,nan,0.0,0.0
Realized,NIBM,nan,oGV,21.22,2021,NIBM - 2021,nan,nan,nan,nan,nan,nan,nan,nan,nan,nan,nan,0.0,0.0
Finished,NIBM,nan,oGV,21.22,2021,NIBM - 2021,nan,nan,nan,nan,nan,nan,nan,nan,nan,nan,nan,0.0,0.0
Completed,NIBM,nan,oGV,21.22,2021,NIBM - 2021,nan,nan,nan,nan,nan,nan,nan,nan,nan,nan,nan,0.0,0.0

"Function: oGV, Term: 22.23"
Index,Entity,status2,Function,Term,Year,EY Year,FEB,MAR,APR,MAY,JUN,JUL,AUG,SEP,OCT,NOV,DEC,JAN,Total
Open,NIBM,nan,oGV,22.23,2022,NIBM - 2022,0.0,0.0,0.0,0.0,0.0,0.0,0.0,0.0,0.0,0.0,0.0,0.0,0.0
Applied,NIBM,nan,oGV,22.23,2022,NIBM - 2022,0.0,0.0,0.0,0.0,0.0,0.0,0.0,0.0,0.0,0.0,0.0,0.0,0.0
Accepted,NIBM,nan,oGV,22.23,2022,NIBM - 2022,0.0,0.0,0.0,0.0,0.0,0.0,0.0,0.0,0.0,0.0,0.0,0.0,0.0
Approved,NIBM,nan,oGV,22.23,2022,NIBM - 2022,0.0,0.0,0.0,0.0,0.0,0.0,0.0,0.0,0.0,0.0,0.0,0.0,0.0
Realized,NIBM,nan,oGV,22.23,2022,NIBM - 2022,0.0,0.0,0.0,0.0,0.0,0.0,0.0,0.0,0.0,0.0,0.0,0.0,0.0
Finished,NIBM,nan,oGV,22.23,2022,NIBM - 2022,0.0,0.0,0.0,0.0,0.0,0.0,0.0,0.0,0.0,0.0,0.0,0.0,0.0
Completed,NIBM,nan,oGV,22.23,2022,NIBM - 2022,0.0,0.0,0.0,0.0,0.0,0.0,0.0,0.0,0.0,0.0,0.0,0.0,0.0

"Function: oGV, Term: 23.24"
Index,Entity,status2,Function,Term,Year,EY Year,FEB,MAR,APR,MAY,JUN,JUL,AUG,SEP,OCT,NOV,DEC,JAN,Total
Open,NIBM,nan,oGV,23.24,2023,NIBM - 2023,1.0,0.0,1.0,4.0,2.0,0.0,0.0,0.0,1.0,4.0,0.0,1.0,14.0
Applied,NIBM,nan,oGV,23.24,2023,NIBM - 2023,1.0,0.0,0.0,2.0,1.0,1.0,0.0,1.0,0.0,0.0,0.0,0.0,6.0
Accepted,NIBM,nan,oGV,23.24,2023,NIBM - 2023,1.0,0.0,0.0,1.0,1.0,0.0,0.0,1.0,0.0,0.0,0.0,0.0,4.0
Approved,NIBM,nan,oGV,23.24,2023,NIBM - 2023,0.0,0.0,0.0,0.0,0.0,0.0,0.0,1.0,0.0,0.0,0.0,0.0,1.0
Realized,NIBM,nan,oGV,23.24,2023,NIBM - 2023,0.0,0.0,0.0,0.0,0.0,0.0,0.0,0.0,1.0,0.0,0.0,0.0,1.0
Finished,NIBM,nan,oGV,23.24,2023,NIBM - 2023,0.0,0.0,0.0,0.0,0.0,0.0,0.0,0.0,0.0,1.0,0.0,0.0,1.0
Completed,NIBM,nan,oGV,23.24,2023,NIBM - 2023,0.0,0.0,0.0,0.0,0.0,0.0,0.0,0.0,0.0,1.0,0.0,0.0,1.0

"Function: oGV, Term: 24.25"
Index,Entity,status2,Function,Term,Year,EY Year,FEB,MAR,APR,MAY,JUN,JUL,AUG,SEP,OCT,NOV,DEC,JAN,Total
Open,NIBM,nan,oGV,24.25,2024,NIBM - 2024,1.0,23.0,4.0,5.0,0.0,0.0,0.0,0.0,0.0,0.0,0.0,nan,33.0
Applied,NIBM,nan,oGV,24.25,2024,NIBM - 2024,2.0,2.0,0.0,6.0,0.0,0.0,0.0,0.0,0.0,0.0,0.0,nan,10.0
Accepted,NIBM,nan,oGV,24.25,2024,NIBM - 2024,1.0,1.0,0.0,5.0,0.0,0.0,0.0,0.0,0.0,0.0,0.0,nan,7.0
Approved,NIBM,nan,oGV,24.25,2024,NIBM - 2024,1.0,1.0,0.0,5.0,0.0,0.0,0.0,0.0,0.0,0.0,0.0,nan,7.0
Realized,NIBM,nan,oGV,24.25,2024,NIBM - 2024,0.0,0.0,0.0,2.0,0.0,0.0,0.0,0.0,0.0,0.0,0.0,nan,2.0
Finished,NIBM,nan,oGV,24.25,2024,NIBM - 2024,0.0,0.0,0.0,0.0,2.0,0.0,0.0,0.0,0.0,0.0,0.0,nan,2.0
Completed,NIBM,nan,oGV,24.25,2024,NIBM - 2024,0.0,0.0,0.0,0.0,0.0,0.0,0.0,0.0,0.0,0.0,0.0,nan,0.0

"Function: Total, Term: 15.16"
Index,Entity,status2,Function,Term,Year,EY Year,FEB,MAR,APR,MAY,JUN,JUL,AUG,SEP,OCT,NOV,DEC,JAN,Total
Open,nan,nan,nan,nan,nan,nan,nan,nan,nan,nan,nan,nan,nan,nan,nan,nan,nan,nan,nan
Applied,nan,nan,nan,nan,nan,nan,nan,nan,nan,nan,nan,nan,nan,nan,nan,nan,nan,nan,nan
Accepted,nan,nan,nan,nan,nan,nan,nan,nan,nan,nan,nan,nan,nan,nan,nan,nan,nan,nan,nan
Approved,nan,nan,nan,nan,nan,nan,nan,nan,nan,nan,nan,nan,nan,nan,nan,nan,nan,nan,nan
Realized,NIBM,nan,Total,15.16,2015,NIBM - 2015,nan,nan,nan,nan,nan,nan,nan,nan,nan,nan,nan,0.0,0.0
Finished,nan,nan,nan,nan,nan,nan,nan,nan,nan,nan,nan,nan,nan,nan,nan,nan,nan,nan,nan
Completed,nan,nan,nan,nan,nan,nan,nan,nan,nan,nan,nan,nan,nan,nan,nan,nan,nan,nan,nan

"Function: Total, Term: 16.17"
Index,Entity,status2,Function,Term,Year,EY Year,FEB,MAR,APR,MAY,JUN,JUL,AUG,SEP,OCT,NOV,DEC,JAN,Total
Open,nan,nan,nan,nan,nan,nan,nan,nan,nan,nan,nan,nan,nan,nan,nan,nan,nan,nan,nan
Applied,nan,nan,nan,nan,nan,nan,nan,nan,nan,nan,nan,nan,nan,nan,nan,nan,nan,nan,nan
Accepted,nan,nan,nan,nan,nan,nan,nan,nan,nan,nan,nan,nan,nan,nan,nan,nan,nan,nan,nan
Approved,nan,nan,nan,nan,nan,nan,nan,nan,nan,nan,nan,nan,nan,nan,nan,nan,nan,nan,nan
Realized,NIBM,nan,Total,16.17,2016,NIBM - 2016,0.0,0.0,0.0,0.0,0.0,0.0,0.0,0.0,0.0,0.0,0.0,0.0,0.0
Finished,nan,nan,nan,nan,nan,nan,nan,nan,nan,nan,nan,nan,nan,nan,nan,nan,nan,nan,nan
Completed,nan,nan,nan,nan,nan,nan,nan,nan,nan,nan,nan,nan,nan,nan,nan,nan,nan,nan,nan

"Function: Total, Term: 17.18"
Index,Entity,status2,Function,Term,Year,EY Year,FEB,MAR,APR,MAY,JUN,JUL,AUG,SEP,OCT,NOV,DEC,JAN,Total
Open,nan,nan,nan,nan,nan,nan,nan,nan,nan,nan,nan,nan,nan,nan,nan,nan,nan,nan,nan
Applied,nan,nan,nan,nan,nan,nan,nan,nan,nan,nan,nan,nan,nan,nan,nan,nan,nan,nan,nan
Accepted,nan,nan,nan,nan,nan,nan,nan,nan,nan,nan,nan,nan,nan,nan,nan,nan,nan,nan,nan
Approved,nan,nan,nan,nan,nan,nan,nan,nan,nan,nan,nan,nan,nan,nan,nan,nan,nan,nan,nan
Realized,NIBM,nan,Total,17.18,2017,NIBM - 2017,0.0,0.0,0.0,0.0,0.0,0.0,0.0,0.0,0.0,0.0,0.0,0.0,0.0
Finished,nan,nan,nan,nan,nan,nan,nan,nan,nan,nan,nan,nan,nan,nan,nan,nan,nan,nan,nan
Completed,nan,nan,nan,nan,nan,nan,nan,nan,nan,nan,nan,nan,nan,nan,nan,nan,nan,nan,nan

"Function: Total, Term: 18.19"
Index,Entity,status2,Function,Term,Year,EY Year,FEB,MAR,APR,MAY,JUN,JUL,AUG,SEP,OCT,NOV,DEC,JAN,Total
Open,nan,nan,nan,nan,nan,nan,nan,nan,nan,nan,nan,nan,nan,nan,nan,nan,nan,nan,nan
Applied,nan,nan,nan,nan,nan,nan,nan,nan,nan,nan,nan,nan,nan,nan,nan,nan,nan,nan,nan
Accepted,nan,nan,nan,nan,nan,nan,nan,nan,nan,nan,nan,nan,nan,nan,nan,nan,nan,nan,nan
Approved,nan,nan,nan,nan,nan,nan,nan,nan,nan,nan,nan,nan,nan,nan,nan,nan,nan,nan,nan
Realized,NIBM,nan,Total,18.19,2018,NIBM - 2018,0.0,0.0,0.0,0.0,0.0,0.0,0.0,0.0,0.0,0.0,0.0,0.0,0.0
Finished,nan,nan,nan,nan,nan,nan,nan,nan,nan,nan,nan,nan,nan,nan,nan,nan,nan,nan,nan
Completed,nan,nan,nan,nan,nan,nan,nan,nan,nan,nan,nan,nan,nan,nan,nan,nan,nan,nan,nan

"Function: Total, Term: 19.20"
Index,Entity,status2,Function,Term,Year,EY Year,FEB,MAR,APR,MAY,JUN,JUL,AUG,SEP,OCT,NOV,DEC,JAN,Total
Open,nan,nan,nan,nan,nan,nan,nan,nan,nan,nan,nan,nan,nan,nan,nan,nan,nan,nan,nan
Applied,nan,nan,nan,nan,nan,nan,nan,nan,nan,nan,nan,nan,nan,nan,nan,nan,nan,nan,nan
Accepted,nan,nan,nan,nan,nan,nan,nan,nan,nan,nan,nan,nan,nan,nan,nan,nan,nan,nan,nan
Approved,nan,nan,nan,nan,nan,nan,nan,nan,nan,nan,nan,nan,nan,nan,nan,nan,nan,nan,nan
Realized,NIBM,nan,Total,19.20,2019,NIBM - 2019,0.0,0.0,0.0,0.0,0.0,0.0,0.0,0.0,0.0,0.0,0.0,nan,0.0
Finished,nan,nan,nan,nan,nan,nan,nan,nan,nan,nan,nan,nan,nan,nan,nan,nan,nan,nan,nan
Completed,nan,nan,nan,nan,nan,nan,nan,nan,nan,nan,nan,nan,nan,nan,nan,nan,nan,nan,nan

"Function: Total, Term: 21.22"
Index,Entity,status2,Function,Term,Year,EY Year,FEB,MAR,APR,MAY,JUN,JUL,AUG,SEP,OCT,NOV,DEC,JAN,Total
Open,nan,nan,nan,nan,nan,nan,nan,nan,nan,nan,nan,nan,nan,nan,nan,nan,nan,nan,nan
Applied,nan,nan,nan,nan,nan,nan,nan,nan,nan,nan,nan,nan,nan,nan,nan,nan,nan,nan,nan
Accepted,nan,nan,nan,nan,nan,nan,nan,nan,nan,nan,nan,nan,nan,nan,nan,nan,nan,nan,nan
Approved,nan,nan,nan,nan,nan,nan,nan,nan,nan,nan,nan,nan,nan,nan,nan,nan,nan,nan,nan
Realized,NIBM,nan,Total,21.22,2021,NIBM - 2021,nan,nan,nan,nan,nan,nan,nan,nan,nan,nan,nan,0.0,0.0
Finished,nan,nan,nan,nan,nan,nan,nan,nan,nan,nan,nan,nan,nan,nan,nan,nan,nan,nan,nan
Completed,nan,nan,nan,nan,nan,nan,nan,nan,nan,nan,nan,nan,nan,nan,nan,nan,nan,nan,nan

"Function: Total, Term: 22.23"
Index,Entity,status2,Function,Term,Year,EY Year,FEB,MAR,APR,MAY,JUN,JUL,AUG,SEP,OCT,NOV,DEC,JAN,Total
Open,nan,nan,nan,nan,nan,nan,nan,nan,nan,nan,nan,nan,nan,nan,nan,nan,nan,nan,nan
Applied,nan,nan,nan,nan,nan,nan,nan,nan,nan,nan,nan,nan,nan,nan,nan,nan,nan,nan,nan
Accepted,nan,nan,nan,nan,nan,nan,nan,nan,nan,nan,nan,nan,nan,nan,nan,nan,nan,nan,nan
Approved,nan,nan,nan,nan,nan,nan,nan,nan,nan,nan,nan,nan,nan,nan,nan,nan,nan,nan,nan
Realized,NIBM,nan,Total,22.23,2022,NIBM - 2022,0.0,0.0,0.0,0.0,0.0,0.0,0.0,0.0,0.0,0.0,0.0,0.0,0.0
Finished,nan,nan,nan,nan,nan,nan,nan,nan,nan,nan,nan,nan,nan,nan,nan,nan,nan,nan,nan
Completed,nan,nan,nan,nan,nan,nan,nan,nan,nan,nan,nan,nan,nan,nan,nan,nan,nan,nan,nan

"Function: Total, Term: 23.24"
Index,Entity,status2,Function,Term,Year,EY Year,FEB,MAR,APR,MAY,JUN,JUL,AUG,SEP,OCT,NOV,DEC,JAN,Total
Open,nan,nan,nan,nan,nan,nan,nan,nan,nan,nan,nan,nan,nan,nan,nan,nan,nan,nan,nan
Applied,nan,nan,nan,nan,nan,nan,nan,nan,nan,nan,nan,nan,nan,nan,nan,nan,nan,nan,nan
Accepted,nan,nan,nan,nan,nan,nan,nan,nan,nan,nan,nan,nan,nan,nan,nan,nan,nan,nan,nan
Approved,nan,nan,nan,nan,nan,nan,nan,nan,nan,nan,nan,nan,nan,nan,nan,nan,nan,nan,nan
Realized,NIBM,nan,Total,23.24,2023,NIBM - 2023,0.0,0.0,0.0,0.0,0.0,0.0,0.0,0.0,0.0,0.0,0.0,0.0,0.0
Finished,nan,nan,nan,nan,nan,nan,nan,nan,nan,nan,nan,nan,nan,nan,nan,nan,nan,nan,nan
Completed,nan,nan,nan,nan,nan,nan,nan,nan,nan,nan,nan,nan,nan,nan,nan,nan,nan,nan,nan

"Function: Total, Term: 24.25"
Index,Entity,status2,Function,Term,Year,EY Year,FEB,MAR,APR,MAY,JUN,JUL,AUG,SEP,OCT,NOV,DEC,JAN,Total
Open,nan,nan,nan,nan,nan,nan,nan,nan,nan,nan,nan,nan,nan,nan,nan,nan,nan,nan,nan
Applied,nan,nan,nan,nan,nan,nan,nan,nan,nan,nan,nan,nan,nan,nan,nan,nan,nan,nan,nan
Accepted,nan,nan,nan,nan,nan,nan,nan,nan,nan,nan,nan,nan,nan,nan,nan,nan,nan,nan,nan
Approved,nan,nan,nan,nan,nan,nan,nan,nan,nan,nan,nan,nan,nan,nan,nan,nan,nan,nan,nan
Realized,NIBM,nan,Total,24.25,2024,NIBM - 2024,0.0,0.0,0.0,0.0,0.0,0.0,0.0,0.0,0.0,0.0,0.0,nan,0.0
Finished,nan,nan,nan,nan,nan,nan,nan,nan,nan,nan,nan,nan,nan,nan,nan,nan,nan,nan,nan
Completed,nan,nan,nan,nan,nan,nan,nan,nan,nan,nan,nan,nan,nan,nan,nan,nan,nan,nan,nan

"Function: oGTe, Term: 15.16"
Index,Entity,status2,Function,Term,Year,EY Year,FEB,MAR,APR,MAY,JUN,JUL,AUG,SEP,OCT,NOV,DEC,JAN,Total
Open,NIBM,nan,oGTe,15.16,2015,NIBM - 2015,nan,nan,nan,nan,nan,nan,nan,nan,nan,nan,nan,0.0,0.0
Applied,NIBM,nan,oGTe,15.16,2015,NIBM - 2015,nan,nan,nan,nan,nan,nan,nan,nan,nan,nan,nan,0.0,0.0
Accepted,NIBM,nan,oGTe,15.16,2015,NIBM - 2015,nan,nan,nan,nan,nan,nan,nan,nan,nan,nan,nan,0.0,0.0
Approved,NIBM,nan,oGTe,15.16,2015,NIBM - 2015,nan,nan,nan,nan,nan,nan,nan,nan,nan,nan,nan,0.0,0.0
Realized,NIBM,nan,oGTe,15.16,2015,NIBM - 2015,nan,nan,nan,nan,nan,nan,nan,nan,nan,nan,nan,0.0,0.0
Finished,NIBM,nan,oGTe,15.16,2015,NIBM - 2015,nan,nan,nan,nan,nan,nan,nan,nan,nan,nan,nan,0.0,0.0
Completed,NIBM,nan,oGTe,15.16,2015,NIBM - 2015,nan,nan,nan,nan,nan,nan,nan,nan,nan,nan,nan,0.0,0.0

"Function: oGTe, Term: 16.17"
Index,Entity,status2,Function,Term,Year,EY Year,FEB,MAR,APR,MAY,JUN,JUL,AUG,SEP,OCT,NOV,DEC,JAN,Total
Open,NIBM,nan,oGTe,16.17,2016,NIBM - 2016,0.0,0.0,0.0,0.0,0.0,0.0,0.0,0.0,0.0,0.0,0.0,0.0,0.0
Applied,NIBM,nan,oGTe,16.17,2016,NIBM - 2016,0.0,0.0,0.0,0.0,0.0,0.0,0.0,0.0,0.0,0.0,0.0,0.0,0.0
Accepted,NIBM,nan,oGTe,16.17,2016,NIBM - 2016,0.0,0.0,0.0,0.0,0.0,0.0,0.0,0.0,0.0,0.0,0.0,0.0,0.0
Approved,NIBM,nan,oGTe,16.17,2016,NIBM - 2016,0.0,0.0,0.0,0.0,0.0,0.0,0.0,0.0,0.0,0.0,0.0,0.0,0.0
Realized,NIBM,nan,oGTe,16.17,2016,NIBM - 2016,0.0,0.0,0.0,0.0,0.0,0.0,0.0,0.0,0.0,0.0,0.0,0.0,0.0
Finished,NIBM,nan,oGTe,16.17,2016,NIBM - 2016,0.0,0.0,0.0,0.0,0.0,0.0,0.0,0.0,0.0,0.0,0.0,0.0,0.0
Completed,NIBM,nan,oGTe,16.17,2016,NIBM - 2016,0.0,0.0,0.0,0.0,0.0,0.0,0.0,0.0,0.0,0.0,0.0,0.0,0.0

"Function: oGTe, Term: 17.18"
Index,Entity,status2,Function,Term,Year,EY Year,FEB,MAR,APR,MAY,JUN,JUL,AUG,SEP,OCT,NOV,DEC,JAN,Total
Open,NIBM,nan,oGTe,17.18,2017,NIBM - 2017,0.0,0.0,0.0,0.0,0.0,0.0,0.0,0.0,0.0,0.0,0.0,0.0,0.0
Applied,NIBM,nan,oGTe,17.18,2017,NIBM - 2017,0.0,0.0,0.0,0.0,0.0,0.0,0.0,0.0,0.0,0.0,0.0,0.0,0.0
Accepted,NIBM,nan,oGTe,17.18,2017,NIBM - 2017,0.0,0.0,0.0,0.0,0.0,0.0,0.0,0.0,0.0,0.0,0.0,0.0,0.0
Approved,NIBM,nan,oGTe,17.18,2017,NIBM - 2017,0.0,0.0,0.0,0.0,0.0,0.0,0.0,0.0,0.0,0.0,0.0,0.0,0.0
Realized,NIBM,nan,oGTe,17.18,2017,NIBM - 2017,0.0,0.0,0.0,0.0,0.0,0.0,0.0,0.0,0.0,0.0,0.0,0.0,0.0
Finished,NIBM,nan,oGTe,17.18,2017,NIBM - 2017,0.0,0.0,0.0,0.0,0.0,0.0,0.0,0.0,0.0,0.0,0.0,0.0,0.0
Completed,NIBM,nan,oGTe,17.18,2017,NIBM - 2017,0.0,0.0,0.0,0.0,0.0,0.0,0.0,0.0,0.0,0.0,0.0,0.0,0.0

"Function: oGTe, Term: 18.19"
Index,Entity,status2,Function,Term,Year,EY Year,FEB,MAR,APR,MAY,JUN,JUL,AUG,SEP,OCT,NOV,DEC,JAN,Total
Open,NIBM,nan,oGTe,18.19,2018,NIBM - 2018,0.0,0.0,0.0,0.0,0.0,0.0,0.0,0.0,0.0,0.0,0.0,0.0,0.0
Applied,NIBM,nan,oGTe,18.19,2018,NIBM - 2018,0.0,0.0,0.0,0.0,0.0,0.0,0.0,0.0,0.0,0.0,0.0,0.0,0.0
Accepted,NIBM,nan,oGTe,18.19,2018,NIBM - 2018,0.0,0.0,0.0,0.0,0.0,0.0,0.0,0.0,0.0,0.0,0.0,0.0,0.0
Approved,NIBM,nan,oGTe,18.19,2018,NIBM - 2018,0.0,0.0,0.0,0.0,0.0,0.0,0.0,0.0,0.0,0.0,0.0,0.0,0.0
Realized,NIBM,nan,oGTe,18.19,2018,NIBM - 2018,0.0,0.0,0.0,0.0,0.0,0.0,0.0,0.0,0.0,0.0,0.0,0.0,0.0
Finished,NIBM,nan,oGTe,18.19,2018,NIBM - 2018,0.0,0.0,0.0,0.0,0.0,0.0,0.0,0.0,0.0,0.0,0.0,0.0,0.0
Completed,NIBM,nan,oGTe,18.19,2018,NIBM - 2018,0.0,0.0,0.0,0.0,0.0,0.0,0.0,0.0,0.0,0.0,0.0,0.0,0.0

"Function: oGTe, Term: 19.20"
Index,Entity,status2,Function,Term,Year,EY Year,FEB,MAR,APR,MAY,JUN,JUL,AUG,SEP,OCT,NOV,DEC,JAN,Total
Open,NIBM,nan,oGTe,19.20,2019,NIBM - 2019,0.0,0.0,0.0,0.0,0.0,0.0,0.0,0.0,0.0,0.0,0.0,nan,0.0
Applied,NIBM,nan,oGTe,19.20,2019,NIBM - 2019,0.0,0.0,0.0,0.0,0.0,0.0,0.0,0.0,0.0,0.0,0.0,nan,0.0
Accepted,NIBM,nan,oGTe,19.20,2019,NIBM - 2019,0.0,0.0,0.0,0.0,0.0,0.0,0.0,0.0,0.0,0.0,0.0,nan,0.0
Approved,NIBM,nan,oGTe,19.20,2019,NIBM - 2019,0.0,0.0,0.0,0.0,0.0,0.0,0.0,0.0,0.0,0.0,0.0,nan,0.0
Realized,NIBM,nan,oGTe,19.20,2019,NIBM - 2019,0.0,0.0,0.0,0.0,0.0,0.0,0.0,0.0,0.0,0.0,0.0,nan,0.0
Finished,NIBM,nan,oGTe,19.20,2019,NIBM - 2019,0.0,0.0,0.0,0.0,0.0,0.0,0.0,0.0,0.0,0.0,0.0,nan,0.0
Completed,NIBM,nan,oGTe,19.20,2019,NIBM - 2019,0.0,0.0,0.0,0.0,0.0,0.0,0.0,0.0,0.0,0.0,0.0,nan,0.0

"Function: oGTe, Term: 21.22"
Index,Entity,status2,Function,Term,Year,EY Year,FEB,MAR,APR,MAY,JUN,JUL,AUG,SEP,OCT,NOV,DEC,JAN,Total
Open,NIBM,nan,oGTe,21.22,2021,NIBM - 2021,nan,nan,nan,nan,nan,nan,nan,nan,nan,nan,nan,0.0,0.0
Applied,NIBM,nan,oGTe,21.22,2021,NIBM - 2021,nan,nan,nan,nan,nan,nan,nan,nan,nan,nan,nan,0.0,0.0
Accepted,NIBM,nan,oGTe,21.22,2021,NIBM - 2021,nan,nan,nan,nan,nan,nan,nan,nan,nan,nan,nan,0.0,0.0
Approved,NIBM,nan,oGTe,21.22,2021,NIBM - 2021,nan,nan,nan,nan,nan,nan,nan,nan,nan,nan,nan,0.0,0.0
Realized,NIBM,nan,oGTe,21.22,2021,NIBM - 2021,nan,nan,nan,nan,nan,nan,nan,nan,nan,nan,nan,0.0,0.0
Finished,NIBM,nan,oGTe,21.22,2021,NIBM - 2021,nan,nan,nan,nan,nan,nan,nan,nan,nan,nan,nan,0.0,0.0
Completed,NIBM,nan,oGTe,21.22,2021,NIBM - 2021,nan,nan,nan,nan,nan,nan,nan,nan,nan,nan,nan,0.0,0.0

"Function: oGTe, Term: 22.23"
Index,Entity,status2,Function,Term,Year,EY Year,FEB,MAR,APR,MAY,JUN,JUL,AUG,SEP,OCT,NOV,DEC,JAN,Total
Open,NIBM,nan,oGTe,22.23,2022,NIBM - 2022,0.0,0.0,0.0,0.0,0.0,0.0,0.0,0.0,0.0,0.0,0.0,0.0,0.0
Applied,NIBM,nan,oGTe,22.23,2022,NIBM - 2022,0.0,0.0,0.0,0.0,0.0,0.0,0.0,0.0,0.0,0.0,0.0,0.0,0.0
Accepted,NIBM,nan,oGTe,22.23,2022,NIBM - 2022,0.0,0.0,0.0,0.0,0.0,0.0,0.0,0.0,0.0,0.0,0.0,0.0,0.0
Approved,NIBM,nan,oGTe,22.23,2022,NIBM - 2022,0.0,0.0,0.0,0.0,0.0,0.0,0.0,0.0,0.0,0.0,0.0,0.0,0.0
Realized,NIBM,nan,oGTe,22.23,2022,NIBM - 2022,0.0,0.0,0.0,0.0,0.0,0.0,0.0,0.0,0.0,0.0,0.0,0.0,0.0
Finished,NIBM,nan,oGTe,22.23,2022,NIBM - 2022,0.0,0.0,0.0,0.0,0.0,0.0,0.0,0.0,0.0,0.0,0.0,0.0,0.0
Completed,NIBM,nan,oGTe,22.23,2022,NIBM - 2022,0.0,0.0,0.0,0.0,0.0,0.0,0.0,0.0,0.0,0.0,0.0,0.0,0.0

"Function: oGTe, Term: 23.24"
Index,Entity,status2,Function,Term,Year,EY Year,FEB,MAR,APR,MAY,JUN,JUL,AUG,SEP,OCT,NOV,DEC,JAN,Total
Open,NIBM,nan,oGTe,23.24,2023,NIBM - 2023,1.0,0.0,0.0,0.0,0.0,0.0,0.0,0.0,1.0,0.0,0.0,1.0,3.0
Applied,NIBM,nan,oGTe,23.24,2023,NIBM - 2023,0.0,0.0,0.0,0.0,1.0,1.0,0.0,1.0,1.0,0.0,0.0,0.0,4.0
Accepted,NIBM,nan,oGTe,23.24,2023,NIBM - 2023,0.0,0.0,0.0,0.0,0.0,0.0,0.0,0.0,1.0,0.0,0.0,0.0,1.0
Approved,NIBM,nan,oGTe,23.24,2023,NIBM - 2023,0.0,0.0,0.0,0.0,0.0,0.0,0.0,0.0,0.0,1.0,0.0,0.0,1.0
Realized,NIBM,nan,oGTe,23.24,2023,NIBM - 2023,0.0,0.0,0.0,0.0,0.0,0.0,0.0,0.0,0.0,0.0,0.0,1.0,1.0
Finished,NIBM,nan,oGTe,23.24,2023,NIBM - 2023,0.0,0.0,0.0,0.0,0.0,0.0,0.0,0.0,0.0,0.0,0.0,0.0,0.0
Completed,NIBM,nan,oGTe,23.24,2023,NIBM - 2023,0.0,0.0,0.0,0.0,0.0,0.0,0.0,0.0,0.0,0.0,0.0,0.0,0.0

"Function: oGTe, Term: 24.25"
Index,Entity,status2,Function,Term,Year,EY Year,FEB,MAR,APR,MAY,JUN,JUL,AUG,SEP,OCT,NOV,DEC,JAN,Total
Open,NIBM,nan,oGTe,24.25,2024,NIBM - 2024,1.0,0.0,1.0,1.0,0.0,0.0,0.0,0.0,0.0,0.0,0.0,nan,3.0
Applied,NIBM,nan,oGTe,24.25,2024,NIBM - 2024,0.0,0.0,0.0,0.0,0.0,0.0,0.0,0.0,0.0,0.0,0.0,nan,0.0
Accepted,NIBM,nan,oGTe,24.25,2024,NIBM - 2024,0.0,0.0,0.0,0.0,0.0,0.0,0.0,0.0,0.0,0.0,0.0,nan,0.0
Approved,NIBM,nan,oGTe,24.25,2024,NIBM - 2024,0.0,0.0,0.0,0.0,0.0,0.0,0.0,0.0,0.0,0.0,0.0,nan,0.0
Realized,NIBM,nan,oGTe,24.25,2024,NIBM - 2024,0.0,0.0,0.0,0.0,0.0,0.0,0.0,0.0,0.0,0.0,0.0,nan,0.0
Finished,NIBM,nan,oGTe,24.25,2024,NIBM - 2024,0.0,1.0,0.0,0.0,0.0,0.0,0.0,0.0,0.0,0.0,0.0,nan,1.0
Completed,NIBM,nan,oGTe,24.25,2024,NIBM - 2024,0.0,1.0,0.0,0.0,0.0,0.0,0.0,0.0,0.0,0.0,0.0,nan,1.0

"Function: iGTe, Term: 15.16"
Index,Entity,status2,Function,Term,Year,EY Year,FEB,MAR,APR,MAY,JUN,JUL,AUG,SEP,OCT,NOV,DEC,JAN,Total
Open,NIBM,nan,iGTe,15.16,2015,NIBM - 2015,nan,nan,nan,nan,nan,nan,nan,nan,nan,nan,nan,0.0,0.0
Applied,NIBM,nan,iGTe,15.16,2015,NIBM - 2015,nan,nan,nan,nan,nan,nan,nan,nan,nan,nan,nan,0.0,0.0
Accepted,NIBM,nan,iGTe,15.16,2015,NIBM - 2015,nan,nan,nan,nan,nan,nan,nan,nan,nan,nan,nan,0.0,0.0
Approved,NIBM,nan,iGTe,15.16,2015,NIBM - 2015,nan,nan,nan,nan,nan,nan,nan,nan,nan,nan,nan,0.0,0.0
Realized,NIBM,nan,iGTe,15.16,2015,NIBM - 2015,nan,nan,nan,nan,nan,nan,nan,nan,nan,nan,nan,0.0,0.0
Finished,NIBM,nan,iGTe,15.16,2015,NIBM - 2015,nan,nan,nan,nan,nan,nan,nan,nan,nan,nan,nan,0.0,0.0
Completed,NIBM,nan,iGTe,15.16,2015,NIBM - 2015,nan,nan,nan,nan,nan,nan,nan,nan,nan,nan,nan,0.0,0.0

"Function: iGTe, Term: 16.17"
Index,Entity,status2,Function,Term,Year,EY Year,FEB,MAR,APR,MAY,JUN,JUL,AUG,SEP,OCT,NOV,DEC,JAN,Total
Open,NIBM,nan,iGTe,16.17,2016,NIBM - 2016,0.0,0.0,0.0,0.0,0.0,0.0,0.0,0.0,0.0,0.0,0.0,0.0,0.0
Applied,NIBM,nan,iGTe,16.17,2016,NIBM - 2016,0.0,0.0,0.0,0.0,0.0,0.0,0.0,0.0,0.0,0.0,0.0,0.0,0.0
Accepted,NIBM,nan,iGTe,16.17,2016,NIBM - 2016,0.0,0.0,0.0,0.0,0.0,0.0,0.0,0.0,0.0,0.0,0.0,0.0,0.0
Approved,NIBM,nan,iGTe,16.17,2016,NIBM - 2016,0.0,0.0,0.0,0.0,0.0,0.0,0.0,0.0,0.0,0.0,0.0,0.0,0.0
Realized,NIBM,nan,iGTe,16.17,2016,NIBM - 2016,0.0,0.0,0.0,0.0,0.0,0.0,0.0,0.0,0.0,0.0,0.0,0.0,0.0
Finished,NIBM,nan,iGTe,16.17,2016,NIBM - 2016,0.0,0.0,0.0,0.0,0.0,0.0,0.0,0.0,0.0,0.0,0.0,0.0,0.0
Completed,NIBM,nan,iGTe,16.17,2016,NIBM - 2016,0.0,0.0,0.0,0.0,0.0,0.0,0.0,0.0,0.0,0.0,0.0,0.0,0.0

"Function: iGTe, Term: 17.18"
Index,Entity,status2,Function,Term,Year,EY Year,FEB,MAR,APR,MAY,JUN,JUL,AUG,SEP,OCT,NOV,DEC,JAN,Total
Open,NIBM,nan,iGTe,17.18,2017,NIBM - 2017,0.0,0.0,0.0,0.0,0.0,0.0,0.0,0.0,0.0,0.0,0.0,0.0,0.0
Applied,NIBM,nan,iGTe,17.18,2017,NIBM - 2017,0.0,0.0,0.0,0.0,0.0,0.0,0.0,0.0,0.0,0.0,0.0,0.0,0.0
Accepted,NIBM,nan,iGTe,17.18,2017,NIBM - 2017,0.0,0.0,0.0,0.0,0.0,0.0,0.0,0.0,0.0,0.0,0.0,0.0,0.0
Approved,NIBM,nan,iGTe,17.18,2017,NIBM - 2017,0.0,0.0,0.0,0.0,0.0,0.0,0.0,0.0,0.0,0.0,0.0,0.0,0.0
Realized,NIBM,nan,iGTe,17.18,2017,NIBM - 2017,0.0,0.0,0.0,0.0,0.0,0.0,0.0,0.0,0.0,0.0,0.0,0.0,0.0
Finished,NIBM,nan,iGTe,17.18,2017,NIBM - 2017,0.0,0.0,0.0,0.0,0.0,0.0,0.0,0.0,0.0,0.0,0.0,0.0,0.0
Completed,NIBM,nan,iGTe,17.18,2017,NIBM - 2017,0.0,0.0,0.0,0.0,0.0,0.0,0.0,0.0,0.0,0.0,0.0,0.0,0.0

"Function: iGTe, Term: 18.19"
Index,Entity,status2,Function,Term,Year,EY Year,FEB,MAR,APR,MAY,JUN,JUL,AUG,SEP,OCT,NOV,DEC,JAN,Total
Open,NIBM,nan,iGTe,18.19,2018,NIBM - 2018,0.0,0.0,0.0,0.0,0.0,0.0,0.0,0.0,0.0,0.0,0.0,0.0,0.0
Applied,NIBM,nan,iGTe,18.19,2018,NIBM - 2018,0.0,0.0,0.0,0.0,0.0,0.0,0.0,0.0,0.0,0.0,0.0,0.0,0.0
Accepted,NIBM,nan,iGTe,18.19,2018,NIBM - 2018,0.0,0.0,0.0,0.0,0.0,0.0,0.0,0.0,0.0,0.0,0.0,0.0,0.0
Approved,NIBM,nan,iGTe,18.19,2018,NIBM - 2018,0.0,0.0,0.0,0.0,0.0,0.0,0.0,0.0,0.0,0.0,0.0,0.0,0.0
Realized,NIBM,nan,iGTe,18.19,2018,NIBM - 2018,0.0,0.0,0.0,0.0,0.0,0.0,0.0,0.0,0.0,0.0,0.0,0.0,0.0
Finished,NIBM,nan,iGTe,18.19,2018,NIBM - 2018,0.0,0.0,0.0,0.0,0.0,0.0,0.0,0.0,0.0,0.0,0.0,0.0,0.0
Completed,NIBM,nan,iGTe,18.19,2018,NIBM - 2018,0.0,0.0,0.0,0.0,0.0,0.0,0.0,0.0,0.0,0.0,0.0,0.0,0.0

"Function: iGTe, Term: 19.20"
Index,Entity,status2,Function,Term,Year,EY Year,FEB,MAR,APR,MAY,JUN,JUL,AUG,SEP,OCT,NOV,DEC,JAN,Total
Open,NIBM,nan,iGTe,19.20,2019,NIBM - 2019,0.0,0.0,0.0,0.0,0.0,0.0,0.0,0.0,0.0,0.0,0.0,nan,0.0
Applied,NIBM,nan,iGTe,19.20,2019,NIBM - 2019,0.0,0.0,0.0,0.0,0.0,0.0,0.0,0.0,0.0,0.0,0.0,nan,0.0
Accepted,NIBM,nan,iGTe,19.20,2019,NIBM - 2019,0.0,0.0,0.0,0.0,0.0,0.0,0.0,0.0,0.0,0.0,0.0,nan,0.0
Approved,NIBM,nan,iGTe,19.20,2019,NIBM - 2019,0.0,0.0,0.0,0.0,0.0,0.0,0.0,0.0,0.0,0.0,0.0,nan,0.0
Realized,NIBM,nan,iGTe,19.20,2019,NIBM - 2019,0.0,0.0,0.0,0.0,0.0,0.0,0.0,0.0,0.0,0.0,0.0,nan,0.0
Finished,NIBM,nan,iGTe,19.20,2019,NIBM - 2019,0.0,0.0,0.0,0.0,0.0,0.0,0.0,0.0,0.0,0.0,0.0,nan,0.0
Completed,NIBM,nan,iGTe,19.20,2019,NIBM - 2019,0.0,0.0,0.0,0.0,0.0,0.0,0.0,0.0,0.0,0.0,0.0,nan,0.0

"Function: iGTe, Term: 21.22"
Index,Entity,status2,Function,Term,Year,EY Year,FEB,MAR,APR,MAY,JUN,JUL,AUG,SEP,OCT,NOV,DEC,JAN,Total
Open,NIBM,nan,iGTe,21.22,2021,NIBM - 2021,nan,nan,nan,nan,nan,nan,nan,nan,nan,nan,nan,0.0,0.0
Applied,NIBM,nan,iGTe,21.22,2021,NIBM - 2021,nan,nan,nan,nan,nan,nan,nan,nan,nan,nan,nan,0.0,0.0
Accepted,NIBM,nan,iGTe,21.22,2021,NIBM - 2021,nan,nan,nan,nan,nan,nan,nan,nan,nan,nan,nan,0.0,0.0
Approved,NIBM,nan,iGTe,21.22,2021,NIBM - 2021,nan,nan,nan,nan,nan,nan,nan,nan,nan,nan,nan,0.0,0.0
Realized,NIBM,nan,iGTe,21.22,2021,NIBM - 2021,nan,nan,nan,nan,nan,nan,nan,nan,nan,nan,nan,0.0,0.0
Finished,NIBM,nan,iGTe,21.22,2021,NIBM - 2021,nan,nan,nan,nan,nan,nan,nan,nan,nan,nan,nan,0.0,0.0
Completed,NIBM,nan,iGTe,21.22,2021,NIBM - 2021,nan,nan,nan,nan,nan,nan,nan,nan,nan,nan,nan,0.0,0.0

"Function: iGTe, Term: 22.23"
Index,Entity,status2,Function,Term,Year,EY Year,FEB,MAR,APR,MAY,JUN,JUL,AUG,SEP,OCT,NOV,DEC,JAN,Total
Open,NIBM,nan,iGTe,22.23,2022,NIBM - 2022,0.0,0.0,0.0,0.0,0.0,0.0,0.0,0.0,0.0,0.0,0.0,0.0,0.0
Applied,NIBM,nan,iGTe,22.23,2022,NIBM - 2022,0.0,0.0,0.0,0.0,0.0,0.0,0.0,0.0,0.0,0.0,0.0,0.0,0.0
Accepted,NIBM,nan,iGTe,22.23,2022,NIBM - 2022,0.0,0.0,0.0,0.0,0.0,0.0,0.0,0.0,0.0,0.0,0.0,0.0,0.0
Approved,NIBM,nan,iGTe,22.23,2022,NIBM - 2022,0.0,0.0,0.0,0.0,0.0,0.0,0.0,0.0,0.0,0.0,0.0,0.0,0.0
Realized,NIBM,nan,iGTe,22.23,2022,NIBM - 2022,0.0,0.0,0.0,0.0,0.0,0.0,0.0,0.0,0.0,0.0,0.0,0.0,0.0
Finished,NIBM,nan,iGTe,22.23,2022,NIBM - 2022,0.0,0.0,0.0,0.0,0.0,0.0,0.0,0.0,0.0,0.0,0.0,0.0,0.0
Completed,NIBM,nan,iGTe,22.23,2022,NIBM - 2022,0.0,0.0,0.0,0.0,0.0,0.0,0.0,0.0,0.0,0.0,0.0,0.0,0.0

"Function: iGTe, Term: 23.24"
Index,Entity,status2,Function,Term,Year,EY Year,FEB,MAR,APR,MAY,JUN,JUL,AUG,SEP,OCT,NOV,DEC,JAN,Total
Open,NIBM,nan,iGTe,23.24,2023,NIBM - 2023,0.0,0.0,0.0,0.0,0.0,0.0,0.0,0.0,0.0,0.0,0.0,0.0,0.0
Applied,NIBM,nan,iGTe,23.24,2023,NIBM - 2023,0.0,0.0,0.0,0.0,0.0,0.0,0.0,0.0,0.0,0.0,0.0,0.0,0.0
Accepted,NIBM,nan,iGTe,23.24,2023,NIBM - 2023,0.0,0.0,0.0,0.0,0.0,0.0,0.0,0.0,0.0,0.0,0.0,0.0,0.0
Approved,NIBM,nan,iGTe,23.24,2023,NIBM - 2023,0.0,0.0,0.0,0.0,0.0,0.0,0.0,0.0,0.0,0.0,0.0,0.0,0.0
Realized,NIBM,nan,iGTe,23.24,2023,NIBM - 2023,0.0,0.0,0.0,0.0,0.0,0.0,0.0,0.0,0.0,0.0,0.0,0.0,0.0
Finished,NIBM,nan,iGTe,23.24,2023,NIBM - 2023,0.0,0.0,0.0,0.0,0.0,0.0,0.0,0.0,0.0,0.0,0.0,0.0,0.0
Completed,NIBM,nan,iGTe,23.24,2023,NIBM - 2023,0.0,0.0,0.0,0.0,0.0,0.0,0.0,0.0,0.0,0.0,0.0,0.0,0.0

"Function: iGTe, Term: 24.25"
Index,Entity,status2,Function,Term,Year,EY Year,FEB,MAR,APR,MAY,JUN,JUL,AUG,SEP,OCT,NOV,DEC,JAN,Total
Open,NIBM,nan,iGTe,24.25,2024,NIBM - 2024,0.0,0.0,0.0,0.0,0.0,0.0,0.0,0.0,0.0,0.0,0.0,nan,0.0
Applied,NIBM,nan,iGTe,24.25,2024,NIBM - 2024,0.0,0.0,0.0,0.0,0.0,0.0,0.0,0.0,0.0,0.0,0.0,nan,0.0
Accepted,NIBM,nan,iGTe,24.25,2024,NIBM - 2024,0.0,0.0,0.0,0.0,0.0,0.0,0.0,0.0,0.0,0.0,0.0,nan,0.0
Approved,NIBM,nan,iGTe,24.25,2024,NIBM - 2024,0.0,0.0,0.0,0.0,0.0,0.0,0.0,0.0,0.0,0.0,0.0,nan,0.0
Realized,NIBM,nan,iGTe,24.25,2024,NIBM - 2024,0.0,0.0,0.0,0.0,0.0,0.0,0.0,0.0,0.0,0.0,0.0,nan,0.0
Finished,NIBM,nan,iGTe,24.25,2024,NIBM - 2024,0.0,0.0,0.0,0.0,0.0,0.0,0.0,0.0,0.0,0.0,0.0,nan,0.0
Completed,NIBM,nan,iGTe,24.25,2024,NIBM - 2024,0.0,0.0,0.0,0.0,0.0,0.0,0.0,0.0,0.0,0.0,0.0,nan,0.0

